path,category,orientation,label,master_dimensions,prompt
public/assets/brand/ahm-logo-dark.svg,brand,vector,Logo dark,SVG,"Premium editorial industrial apparel photography for AHM International, an international apparel manufacturing and export company in Karachi, Pakistan. Authentic modern garment-production environment, realistic Pakistani workers where people appear, sophisticated natural lighting, subtle cinematic contrast, highly detailed fabric texture, realistic industrial equipment, premium commercial campaign photography, contemporary global sourcing-company aesthetic, no futuristic machinery, no text, no logos, no distorted anatomy, no staged corporate handshakes, no stock-photo look, consistent color grade across the full website asset library, photorealistic, extremely detailed. AHM International dark wordmark; clean geometric export-manufacturer identity; transparent background; vector-only."
public/assets/brand/ahm-logo-light.svg,brand,vector,Logo light,SVG,"Premium editorial industrial apparel photography for AHM International, an international apparel manufacturing and export company in Karachi, Pakistan. Authentic modern garment-production environment, realistic Pakistani workers where people appear, sophisticated natural lighting, subtle cinematic contrast, highly detailed fabric texture, realistic industrial equipment, premium commercial campaign photography, contemporary global sourcing-company aesthetic, no futuristic machinery, no text, no logos, no distorted anatomy, no staged corporate handshakes, no stock-photo look, consistent color grade across the full website asset library, photorealistic, extremely detailed. AHM International light wordmark; clean geometric export-manufacturer identity; transparent background; vector-only."
public/assets/brand/ahm-mark.svg,brand,vector,AHM mark,SVG,"Premium editorial industrial apparel photography for AHM International, an international apparel manufacturing and export company in Karachi, Pakistan. Authentic modern garment-production environment, realistic Pakistani workers where people appear, sophisticated natural lighting, subtle cinematic contrast, highly detailed fabric texture, realistic industrial equipment, premium commercial campaign photography, contemporary global sourcing-company aesthetic, no futuristic machinery, no text, no logos, no distorted anatomy, no staged corporate handshakes, no stock-photo look, consistent color grade across the full website asset library, photorealistic, extremely detailed. Minimal monogram mark based on AHM; geometric, industrial/editorial; vector-only; no gradients."
public/assets/brand/favicon.png,brand,square,Favicon,1024x1024,"Premium editorial industrial apparel photography for AHM International, an international apparel manufacturing and export company in Karachi, Pakistan. Authentic modern garment-production environment, realistic Pakistani workers where people appear, sophisticated natural lighting, subtle cinematic contrast, highly detailed fabric texture, realistic industrial equipment, premium commercial campaign photography, contemporary global sourcing-company aesthetic, no futuristic machinery, no text, no logos, no distorted anatomy, no staged corporate handshakes, no stock-photo look, consistent color grade across the full website asset library, photorealistic, extremely detailed. Minimal AHM monogram on dark graphite background; crisp edges; centered."
public/assets/hero/hero-sewing-01.webp,hero,landscape,Hero sewing,3840x2160,"Premium editorial industrial apparel photography for AHM International, an international apparel manufacturing and export company in Karachi, Pakistan. Authentic modern garment-production environment, realistic Pakistani workers where people appear, sophisticated natural lighting, subtle cinematic contrast, highly detailed fabric texture, realistic industrial equipment, premium commercial campaign photography, contemporary global sourcing-company aesthetic, no futuristic machinery, no text, no logos, no distorted anatomy, no staged corporate handshakes, no stock-photo look, consistent color grade across the full website asset library, photorealistic, extremely detailed. Close cinematic photograph of an industrial sewing machine stitching a premium charcoal workwear garment, operator hands guiding fabric naturally, visible seam construction, clean modern factory softly blurred, space on left for large website headline, shallow depth of field."
public/assets/hero/hero-fabric-01.webp,hero,landscape,Hero fabric,3840x2160,"Premium editorial industrial apparel photography for AHM International, an international apparel manufacturing and export company in Karachi, Pakistan. Authentic modern garment-production environment, realistic Pakistani workers where people appear, sophisticated natural lighting, subtle cinematic contrast, highly detailed fabric texture, realistic industrial equipment, premium commercial campaign photography, contemporary global sourcing-company aesthetic, no futuristic machinery, no text, no logos, no distorted anatomy, no staged corporate handshakes, no stock-photo look, consistent color grade across the full website asset library, photorealistic, extremely detailed. Extreme macro of premium charcoal textile folds, visible weave and tactile surface, dramatic soft side-lighting, elegant abstract composition, room for overlay text."
public/assets/hero/hero-production-01.webp,hero,landscape,Hero production,3840x2160,"Premium editorial industrial apparel photography for AHM International, an international apparel manufacturing and export company in Karachi, Pakistan. Authentic modern garment-production environment, realistic Pakistani workers where people appear, sophisticated natural lighting, subtle cinematic contrast, highly detailed fabric texture, realistic industrial equipment, premium commercial campaign photography, contemporary global sourcing-company aesthetic, no futuristic machinery, no text, no logos, no distorted anatomy, no staged corporate handshakes, no stock-photo look, consistent color grade across the full website asset library, photorealistic, extremely detailed. Wide authentic modern garment production floor in Karachi, organized sewing lines, natural Pakistani workforce, bright but sophisticated daylight, no posing, editorial documentary quality."
public/assets/hero/hero-video.webm,hero,video,Hero video,4K video,"Premium editorial industrial apparel photography for AHM International, an international apparel manufacturing and export company in Karachi, Pakistan. Authentic modern garment-production environment, realistic Pakistani workers where people appear, sophisticated natural lighting, subtle cinematic contrast, highly detailed fabric texture, realistic industrial equipment, premium commercial campaign photography, contemporary global sourcing-company aesthetic, no futuristic machinery, no text, no logos, no distorted anatomy, no staged corporate handshakes, no stock-photo look, consistent color grade across the full website asset library, photorealistic, extremely detailed. 6-10 second seamless cinematic loop: fabric under sewing foot, hands guiding seam, subtle rack focus, premium slow motion, no logos or text."
public/assets/products/aprons/apron-black-front.webp,products,square,Apron front,3000x3000,"Premium editorial industrial apparel photography for AHM International, an international apparel manufacturing and export company in Karachi, Pakistan. Authentic modern garment-production environment, realistic Pakistani workers where people appear, sophisticated natural lighting, subtle cinematic contrast, highly detailed fabric texture, realistic industrial equipment, premium commercial campaign photography, contemporary global sourcing-company aesthetic, no futuristic machinery, no text, no logos, no distorted anatomy, no staged corporate handshakes, no stock-photo look, consistent color grade across the full website asset library, photorealistic, extremely detailed. Professional black uniform bib apron on neutral warm-cream studio background, full front view, realistic poly-cotton twill, functional pockets, adjustable neck detail, no logo."
public/assets/products/aprons/apron-black-back.webp,products,square,Apron back,3000x3000,"Premium editorial industrial apparel photography for AHM International, an international apparel manufacturing and export company in Karachi, Pakistan. Authentic modern garment-production environment, realistic Pakistani workers where people appear, sophisticated natural lighting, subtle cinematic contrast, highly detailed fabric texture, realistic industrial equipment, premium commercial campaign photography, contemporary global sourcing-company aesthetic, no futuristic machinery, no text, no logos, no distorted anatomy, no staged corporate handshakes, no stock-photo look, consistent color grade across the full website asset library, photorealistic, extremely detailed. Same black uniform bib apron from rear view, ties and construction clearly visible, exact lighting and background match to front image."
public/assets/products/aprons/apron-detail-pocket.webp,products,square,Apron pocket detail,3000x3000,"Premium editorial industrial apparel photography for AHM International, an international apparel manufacturing and export company in Karachi, Pakistan. Authentic modern garment-production environment, realistic Pakistani workers where people appear, sophisticated natural lighting, subtle cinematic contrast, highly detailed fabric texture, realistic industrial equipment, premium commercial campaign photography, contemporary global sourcing-company aesthetic, no futuristic machinery, no text, no logos, no distorted anatomy, no staged corporate handshakes, no stock-photo look, consistent color grade across the full website asset library, photorealistic, extremely detailed. Macro detail of professional bib apron pocket stitching and reinforcement, premium black twill texture, technical garment photography."
public/assets/products/aprons/apron-fabric-macro.webp,products,square,Apron fabric macro,3000x3000,"Premium editorial industrial apparel photography for AHM International, an international apparel manufacturing and export company in Karachi, Pakistan. Authentic modern garment-production environment, realistic Pakistani workers where people appear, sophisticated natural lighting, subtle cinematic contrast, highly detailed fabric texture, realistic industrial equipment, premium commercial campaign photography, contemporary global sourcing-company aesthetic, no futuristic machinery, no text, no logos, no distorted anatomy, no staged corporate handshakes, no stock-photo look, consistent color grade across the full website asset library, photorealistic, extremely detailed. Macro black poly-cotton twill surface with subtle stain-resistant water droplets, realistic weave, laboratory-clean commercial photography."
public/assets/products/polos/polo-blue-front.webp,products,square,Blue polo front,3000x3000,"Premium editorial industrial apparel photography for AHM International, an international apparel manufacturing and export company in Karachi, Pakistan. Authentic modern garment-production environment, realistic Pakistani workers where people appear, sophisticated natural lighting, subtle cinematic contrast, highly detailed fabric texture, realistic industrial equipment, premium commercial campaign photography, contemporary global sourcing-company aesthetic, no futuristic machinery, no text, no logos, no distorted anatomy, no staged corporate handshakes, no stock-photo look, consistent color grade across the full website asset library, photorealistic, extremely detailed. Premium cobalt/navy performance polo shirt, full front three-quarter studio view, clean collar and placket, realistic pique/performance knit texture, cream background, no logo."
public/assets/products/polos/polo-blue-back.webp,products,square,Blue polo back,3000x3000,"Premium editorial industrial apparel photography for AHM International, an international apparel manufacturing and export company in Karachi, Pakistan. Authentic modern garment-production environment, realistic Pakistani workers where people appear, sophisticated natural lighting, subtle cinematic contrast, highly detailed fabric texture, realistic industrial equipment, premium commercial campaign photography, contemporary global sourcing-company aesthetic, no futuristic machinery, no text, no logos, no distorted anatomy, no staged corporate handshakes, no stock-photo look, consistent color grade across the full website asset library, photorealistic, extremely detailed. Matching premium cobalt/navy performance polo back view; identical background, lighting, garment proportions."
public/assets/products/polos/polo-collar-detail.webp,products,square,Polo collar detail,3000x3000,"Premium editorial industrial apparel photography for AHM International, an international apparel manufacturing and export company in Karachi, Pakistan. Authentic modern garment-production environment, realistic Pakistani workers where people appear, sophisticated natural lighting, subtle cinematic contrast, highly detailed fabric texture, realistic industrial equipment, premium commercial campaign photography, contemporary global sourcing-company aesthetic, no futuristic machinery, no text, no logos, no distorted anatomy, no staged corporate handshakes, no stock-photo look, consistent color grade across the full website asset library, photorealistic, extremely detailed. Close detail of navy polo collar, three-button placket, clean topstitching and fabric texture, premium technical catalog photography."
public/assets/products/polos/polo-fabric-macro.webp,products,square,Polo fabric macro,3000x3000,"Premium editorial industrial apparel photography for AHM International, an international apparel manufacturing and export company in Karachi, Pakistan. Authentic modern garment-production environment, realistic Pakistani workers where people appear, sophisticated natural lighting, subtle cinematic contrast, highly detailed fabric texture, realistic industrial equipment, premium commercial campaign photography, contemporary global sourcing-company aesthetic, no futuristic machinery, no text, no logos, no distorted anatomy, no staged corporate handshakes, no stock-photo look, consistent color grade across the full website asset library, photorealistic, extremely detailed. Extreme macro of cobalt performance pique knit, high textile detail, soft directional light."
public/assets/products/fleece/fleece-jacket-front.webp,products,square,Fleece front,3000x3000,"Premium editorial industrial apparel photography for AHM International, an international apparel manufacturing and export company in Karachi, Pakistan. Authentic modern garment-production environment, realistic Pakistani workers where people appear, sophisticated natural lighting, subtle cinematic contrast, highly detailed fabric texture, realistic industrial equipment, premium commercial campaign photography, contemporary global sourcing-company aesthetic, no futuristic machinery, no text, no logos, no distorted anatomy, no staged corporate handshakes, no stock-photo look, consistent color grade across the full website asset library, photorealistic, extremely detailed. Premium black full-zip fleece jacket front, technical uniform fit, clean zipper, subtle structured silhouette, cream studio background, no logo."
public/assets/products/fleece/fleece-jacket-back.webp,products,square,Fleece back,3000x3000,"Premium editorial industrial apparel photography for AHM International, an international apparel manufacturing and export company in Karachi, Pakistan. Authentic modern garment-production environment, realistic Pakistani workers where people appear, sophisticated natural lighting, subtle cinematic contrast, highly detailed fabric texture, realistic industrial equipment, premium commercial campaign photography, contemporary global sourcing-company aesthetic, no futuristic machinery, no text, no logos, no distorted anatomy, no staged corporate handshakes, no stock-photo look, consistent color grade across the full website asset library, photorealistic, extremely detailed. Matching black fleece jacket back view, same light and framing."
public/assets/products/fleece/fleece-fabric-macro.webp,products,square,Fleece macro,3000x3000,"Premium editorial industrial apparel photography for AHM International, an international apparel manufacturing and export company in Karachi, Pakistan. Authentic modern garment-production environment, realistic Pakistani workers where people appear, sophisticated natural lighting, subtle cinematic contrast, highly detailed fabric texture, realistic industrial equipment, premium commercial campaign photography, contemporary global sourcing-company aesthetic, no futuristic machinery, no text, no logos, no distorted anatomy, no staged corporate handshakes, no stock-photo look, consistent color grade across the full website asset library, photorealistic, extremely detailed. Extreme macro of dense black anti-pill fleece surface, realistic pile and softness, sophisticated lighting."
public/assets/products/fleece/fleece-zipper-detail.webp,products,square,Fleece zipper,3000x3000,"Premium editorial industrial apparel photography for AHM International, an international apparel manufacturing and export company in Karachi, Pakistan. Authentic modern garment-production environment, realistic Pakistani workers where people appear, sophisticated natural lighting, subtle cinematic contrast, highly detailed fabric texture, realistic industrial equipment, premium commercial campaign photography, contemporary global sourcing-company aesthetic, no futuristic machinery, no text, no logos, no distorted anatomy, no staged corporate handshakes, no stock-photo look, consistent color grade across the full website asset library, photorealistic, extremely detailed. Close-up of durable black zipper, chin guard and seam finishing on fleece jacket, technical apparel detail."
public/assets/products/tshirts/performance-tee-front.webp,products,square,Performance tee front,3000x3000,"Premium editorial industrial apparel photography for AHM International, an international apparel manufacturing and export company in Karachi, Pakistan. Authentic modern garment-production environment, realistic Pakistani workers where people appear, sophisticated natural lighting, subtle cinematic contrast, highly detailed fabric texture, realistic industrial equipment, premium commercial campaign photography, contemporary global sourcing-company aesthetic, no futuristic machinery, no text, no logos, no distorted anatomy, no staged corporate handshakes, no stock-photo look, consistent color grade across the full website asset library, photorealistic, extremely detailed. Performance crew-neck T-shirt, deep graphite, clean athletic workwear cut, full front studio image, no branding."
public/assets/products/tshirts/tee-fabric-macro.webp,products,square,Tee fabric macro,3000x3000,"Premium editorial industrial apparel photography for AHM International, an international apparel manufacturing and export company in Karachi, Pakistan. Authentic modern garment-production environment, realistic Pakistani workers where people appear, sophisticated natural lighting, subtle cinematic contrast, highly detailed fabric texture, realistic industrial equipment, premium commercial campaign photography, contemporary global sourcing-company aesthetic, no futuristic machinery, no text, no logos, no distorted anatomy, no staged corporate handshakes, no stock-photo look, consistent color grade across the full website asset library, photorealistic, extremely detailed. Macro moisture-management polyester knit texture, visible microstructure, premium textile photography."
public/assets/products/woven-shirts/work-shirt-front.webp,products,square,Work shirt front,3000x3000,"Premium editorial industrial apparel photography for AHM International, an international apparel manufacturing and export company in Karachi, Pakistan. Authentic modern garment-production environment, realistic Pakistani workers where people appear, sophisticated natural lighting, subtle cinematic contrast, highly detailed fabric texture, realistic industrial equipment, premium commercial campaign photography, contemporary global sourcing-company aesthetic, no futuristic machinery, no text, no logos, no distorted anatomy, no staged corporate handshakes, no stock-photo look, consistent color grade across the full website asset library, photorealistic, extremely detailed. Modern long-sleeve woven work shirt, slate blue, structured collar, chest pocket, clean industrial-uniform fit, front studio view."
public/assets/products/woven-shirts/work-shirt-detail.webp,products,square,Work shirt detail,3000x3000,"Premium editorial industrial apparel photography for AHM International, an international apparel manufacturing and export company in Karachi, Pakistan. Authentic modern garment-production environment, realistic Pakistani workers where people appear, sophisticated natural lighting, subtle cinematic contrast, highly detailed fabric texture, realistic industrial equipment, premium commercial campaign photography, contemporary global sourcing-company aesthetic, no futuristic machinery, no text, no logos, no distorted anatomy, no staged corporate handshakes, no stock-photo look, consistent color grade across the full website asset library, photorealistic, extremely detailed. Close detail of collar, button, pocket reinforcement and topstitching on slate blue woven work shirt."
public/assets/products/bottoms/work-pant-front.webp,products,square,Work pant front,3000x3000,"Premium editorial industrial apparel photography for AHM International, an international apparel manufacturing and export company in Karachi, Pakistan. Authentic modern garment-production environment, realistic Pakistani workers where people appear, sophisticated natural lighting, subtle cinematic contrast, highly detailed fabric texture, realistic industrial equipment, premium commercial campaign photography, contemporary global sourcing-company aesthetic, no futuristic machinery, no text, no logos, no distorted anatomy, no staged corporate handshakes, no stock-photo look, consistent color grade across the full website asset library, photorealistic, extremely detailed. Modern charcoal work trouser, straight professional fit, functional pockets, clean studio front view."
public/assets/products/bottoms/work-pant-detail.webp,products,square,Work pant detail,3000x3000,"Premium editorial industrial apparel photography for AHM International, an international apparel manufacturing and export company in Karachi, Pakistan. Authentic modern garment-production environment, realistic Pakistani workers where people appear, sophisticated natural lighting, subtle cinematic contrast, highly detailed fabric texture, realistic industrial equipment, premium commercial campaign photography, contemporary global sourcing-company aesthetic, no futuristic machinery, no text, no logos, no distorted anatomy, no staged corporate handshakes, no stock-photo look, consistent color grade across the full website asset library, photorealistic, extremely detailed. Macro technical detail of waistband, pocket opening, bartack reinforcement and durable twill surface."
public/assets/products/outerwear/softshell-front.webp,products,square,Softshell front,3000x3000,"Premium editorial industrial apparel photography for AHM International, an international apparel manufacturing and export company in Karachi, Pakistan. Authentic modern garment-production environment, realistic Pakistani workers where people appear, sophisticated natural lighting, subtle cinematic contrast, highly detailed fabric texture, realistic industrial equipment, premium commercial campaign photography, contemporary global sourcing-company aesthetic, no futuristic machinery, no text, no logos, no distorted anatomy, no staged corporate handshakes, no stock-photo look, consistent color grade across the full website asset library, photorealistic, extremely detailed. Premium black/graphite softshell work jacket front view, clean technical construction, subtle weather-resistant surface, no logo."
public/assets/products/outerwear/softshell-detail.webp,products,square,Softshell detail,3000x3000,"Premium editorial industrial apparel photography for AHM International, an international apparel manufacturing and export company in Karachi, Pakistan. Authentic modern garment-production environment, realistic Pakistani workers where people appear, sophisticated natural lighting, subtle cinematic contrast, highly detailed fabric texture, realistic industrial equipment, premium commercial campaign photography, contemporary global sourcing-company aesthetic, no futuristic machinery, no text, no logos, no distorted anatomy, no staged corporate handshakes, no stock-photo look, consistent color grade across the full website asset library, photorealistic, extremely detailed. Close-up of softshell zipper, seam, pocket and water-beading surface."
public/assets/industries/grocery-uniform.webp,industries,portrait,Grocery uniform,2160x2880,"Premium editorial industrial apparel photography for AHM International, an international apparel manufacturing and export company in Karachi, Pakistan. Authentic modern garment-production environment, realistic Pakistani workers where people appear, sophisticated natural lighting, subtle cinematic contrast, highly detailed fabric texture, realistic industrial equipment, premium commercial campaign photography, contemporary global sourcing-company aesthetic, no futuristic machinery, no text, no logos, no distorted anatomy, no staged corporate handshakes, no stock-photo look, consistent color grade across the full website asset library, photorealistic, extremely detailed. Professional grocery employee in modern supermarket wearing tasteful dark polo and apron, authentic candid working pose, no visible brand signage."
public/assets/industries/hospitality-uniform.webp,industries,portrait,Hospitality uniform,2160x2880,"Premium editorial industrial apparel photography for AHM International, an international apparel manufacturing and export company in Karachi, Pakistan. Authentic modern garment-production environment, realistic Pakistani workers where people appear, sophisticated natural lighting, subtle cinematic contrast, highly detailed fabric texture, realistic industrial equipment, premium commercial campaign photography, contemporary global sourcing-company aesthetic, no futuristic machinery, no text, no logos, no distorted anatomy, no staged corporate handshakes, no stock-photo look, consistent color grade across the full website asset library, photorealistic, extremely detailed. Professional hospitality employee in refined black service uniform inside premium restaurant/hotel environment, authentic working moment."
public/assets/industries/chef-uniform.webp,industries,portrait,Chef uniform,2160x2880,"Premium editorial industrial apparel photography for AHM International, an international apparel manufacturing and export company in Karachi, Pakistan. Authentic modern garment-production environment, realistic Pakistani workers where people appear, sophisticated natural lighting, subtle cinematic contrast, highly detailed fabric texture, realistic industrial equipment, premium commercial campaign photography, contemporary global sourcing-company aesthetic, no futuristic machinery, no text, no logos, no distorted anatomy, no staged corporate handshakes, no stock-photo look, consistent color grade across the full website asset library, photorealistic, extremely detailed. Professional chef in crisp white chef jacket and apron in real commercial kitchen, candid preparation moment."
public/assets/industries/retail-uniform.webp,industries,portrait,Retail uniform,2160x2880,"Premium editorial industrial apparel photography for AHM International, an international apparel manufacturing and export company in Karachi, Pakistan. Authentic modern garment-production environment, realistic Pakistani workers where people appear, sophisticated natural lighting, subtle cinematic contrast, highly detailed fabric texture, realistic industrial equipment, premium commercial campaign photography, contemporary global sourcing-company aesthetic, no futuristic machinery, no text, no logos, no distorted anatomy, no staged corporate handshakes, no stock-photo look, consistent color grade across the full website asset library, photorealistic, extremely detailed. Retail team member in contemporary polo and apron on shop floor, authentic service moment, no brand marks."
public/assets/industries/industrial-workwear.webp,industries,portrait,Industrial workwear,2160x2880,"Premium editorial industrial apparel photography for AHM International, an international apparel manufacturing and export company in Karachi, Pakistan. Authentic modern garment-production environment, realistic Pakistani workers where people appear, sophisticated natural lighting, subtle cinematic contrast, highly detailed fabric texture, realistic industrial equipment, premium commercial campaign photography, contemporary global sourcing-company aesthetic, no futuristic machinery, no text, no logos, no distorted anatomy, no staged corporate handshakes, no stock-photo look, consistent color grade across the full website asset library, photorealistic, extremely detailed. Worker in practical high-visibility industrial uniform in clean modern facility, real PPE context, no logos."
public/assets/industries/corporate-uniform.webp,industries,portrait,Corporate uniform,2160x2880,"Premium editorial industrial apparel photography for AHM International, an international apparel manufacturing and export company in Karachi, Pakistan. Authentic modern garment-production environment, realistic Pakistani workers where people appear, sophisticated natural lighting, subtle cinematic contrast, highly detailed fabric texture, realistic industrial equipment, premium commercial campaign photography, contemporary global sourcing-company aesthetic, no futuristic machinery, no text, no logos, no distorted anatomy, no staged corporate handshakes, no stock-photo look, consistent color grade across the full website asset library, photorealistic, extremely detailed. Small diverse corporate service team in coordinated premium uniforms, candid workplace environment, not a handshake pose."
public/assets/factory/fabric-inspection.webp,factory,landscape,Fabric inspection,3840x2160,"Premium editorial industrial apparel photography for AHM International, an international apparel manufacturing and export company in Karachi, Pakistan. Authentic modern garment-production environment, realistic Pakistani workers where people appear, sophisticated natural lighting, subtle cinematic contrast, highly detailed fabric texture, realistic industrial equipment, premium commercial campaign photography, contemporary global sourcing-company aesthetic, no futuristic machinery, no text, no logos, no distorted anatomy, no staged corporate handshakes, no stock-photo look, consistent color grade across the full website asset library, photorealistic, extremely detailed. Close documentary view of fabric inspection table/roll, worker checking textile surface and shade under controlled light, clean factory."
public/assets/factory/cutting.webp,factory,landscape,Cutting,3840x2160,"Premium editorial industrial apparel photography for AHM International, an international apparel manufacturing and export company in Karachi, Pakistan. Authentic modern garment-production environment, realistic Pakistani workers where people appear, sophisticated natural lighting, subtle cinematic contrast, highly detailed fabric texture, realistic industrial equipment, premium commercial campaign photography, contemporary global sourcing-company aesthetic, no futuristic machinery, no text, no logos, no distorted anatomy, no staged corporate handshakes, no stock-photo look, consistent color grade across the full website asset library, photorealistic, extremely detailed. Modern garment cutting operation, layered fabric, cutting table, skilled operator, organized industrial setting."
public/assets/factory/sewing.webp,factory,landscape,Sewing,3840x2160,"Premium editorial industrial apparel photography for AHM International, an international apparel manufacturing and export company in Karachi, Pakistan. Authentic modern garment-production environment, realistic Pakistani workers where people appear, sophisticated natural lighting, subtle cinematic contrast, highly detailed fabric texture, realistic industrial equipment, premium commercial campaign photography, contemporary global sourcing-company aesthetic, no futuristic machinery, no text, no logos, no distorted anatomy, no staged corporate handshakes, no stock-photo look, consistent color grade across the full website asset library, photorealistic, extremely detailed. Industrial sewing close-medium shot, operator constructing workwear garment, authentic posture and machine detail."
public/assets/factory/embroidery.webp,factory,landscape,Embroidery,3840x2160,"Premium editorial industrial apparel photography for AHM International, an international apparel manufacturing and export company in Karachi, Pakistan. Authentic modern garment-production environment, realistic Pakistani workers where people appear, sophisticated natural lighting, subtle cinematic contrast, highly detailed fabric texture, realistic industrial equipment, premium commercial campaign photography, contemporary global sourcing-company aesthetic, no futuristic machinery, no text, no logos, no distorted anatomy, no staged corporate handshakes, no stock-photo look, consistent color grade across the full website asset library, photorealistic, extremely detailed. Multi-head commercial embroidery machines running clean geometric test embroidery on apparel panels, no trademarks."
public/assets/factory/printing.webp,factory,landscape,Printing,3840x2160,"Premium editorial industrial apparel photography for AHM International, an international apparel manufacturing and export company in Karachi, Pakistan. Authentic modern garment-production environment, realistic Pakistani workers where people appear, sophisticated natural lighting, subtle cinematic contrast, highly detailed fabric texture, realistic industrial equipment, premium commercial campaign photography, contemporary global sourcing-company aesthetic, no futuristic machinery, no text, no logos, no distorted anatomy, no staged corporate handshakes, no stock-photo look, consistent color grade across the full website asset library, photorealistic, extremely detailed. Professional garment printing station producing clean non-branded test graphic, organized modern setup."
public/assets/factory/finishing.webp,factory,landscape,Finishing,3840x2160,"Premium editorial industrial apparel photography for AHM International, an international apparel manufacturing and export company in Karachi, Pakistan. Authentic modern garment-production environment, realistic Pakistani workers where people appear, sophisticated natural lighting, subtle cinematic contrast, highly detailed fabric texture, realistic industrial equipment, premium commercial campaign photography, contemporary global sourcing-company aesthetic, no futuristic machinery, no text, no logos, no distorted anatomy, no staged corporate handshakes, no stock-photo look, consistent color grade across the full website asset library, photorealistic, extremely detailed. Garment finishing and pressing station with skilled worker inspecting and preparing uniform garment."
public/assets/factory/quality-control.webp,factory,landscape,Quality control,3840x2160,"Premium editorial industrial apparel photography for AHM International, an international apparel manufacturing and export company in Karachi, Pakistan. Authentic modern garment-production environment, realistic Pakistani workers where people appear, sophisticated natural lighting, subtle cinematic contrast, highly detailed fabric texture, realistic industrial equipment, premium commercial campaign photography, contemporary global sourcing-company aesthetic, no futuristic machinery, no text, no logos, no distorted anatomy, no staged corporate handshakes, no stock-photo look, consistent color grade across the full website asset library, photorealistic, extremely detailed. Quality inspector measuring finished garment against specification sheet on clean inspection table, detailed tape measure and seam review."
public/assets/factory/packing.webp,factory,landscape,Packing,3840x2160,"Premium editorial industrial apparel photography for AHM International, an international apparel manufacturing and export company in Karachi, Pakistan. Authentic modern garment-production environment, realistic Pakistani workers where people appear, sophisticated natural lighting, subtle cinematic contrast, highly detailed fabric texture, realistic industrial equipment, premium commercial campaign photography, contemporary global sourcing-company aesthetic, no futuristic machinery, no text, no logos, no distorted anatomy, no staged corporate handshakes, no stock-photo look, consistent color grade across the full website asset library, photorealistic, extremely detailed. Organized apparel packing line with folded garments, polybags/cartons, barcode and carton-marking process, no customer logos."
public/assets/development/tech-pack.webp,development,landscape,Tech pack,3840x2160,"Premium editorial industrial apparel photography for AHM International, an international apparel manufacturing and export company in Karachi, Pakistan. Authentic modern garment-production environment, realistic Pakistani workers where people appear, sophisticated natural lighting, subtle cinematic contrast, highly detailed fabric texture, realistic industrial equipment, premium commercial campaign photography, contemporary global sourcing-company aesthetic, no futuristic machinery, no text, no logos, no distorted anatomy, no staged corporate handshakes, no stock-photo look, consistent color grade across the full website asset library, photorealistic, extremely detailed. Overhead desk scene with apparel tech pack pages, technical flat sketches, measurement callouts and fabric notes, no readable customer identifiers."
public/assets/development/pattern.webp,development,landscape,Pattern,3840x2160,"Premium editorial industrial apparel photography for AHM International, an international apparel manufacturing and export company in Karachi, Pakistan. Authentic modern garment-production environment, realistic Pakistani workers where people appear, sophisticated natural lighting, subtle cinematic contrast, highly detailed fabric texture, realistic industrial equipment, premium commercial campaign photography, contemporary global sourcing-company aesthetic, no futuristic machinery, no text, no logos, no distorted anatomy, no staged corporate handshakes, no stock-photo look, consistent color grade across the full website asset library, photorealistic, extremely detailed. Professional garment pattern pieces, rulers and technical tools on pattern-development table, clean editorial composition."
public/assets/development/fabric-swatches.webp,development,landscape,Fabric swatches,3840x2160,"Premium editorial industrial apparel photography for AHM International, an international apparel manufacturing and export company in Karachi, Pakistan. Authentic modern garment-production environment, realistic Pakistani workers where people appear, sophisticated natural lighting, subtle cinematic contrast, highly detailed fabric texture, realistic industrial equipment, premium commercial campaign photography, contemporary global sourcing-company aesthetic, no futuristic machinery, no text, no logos, no distorted anatomy, no staged corporate handshakes, no stock-photo look, consistent color grade across the full website asset library, photorealistic, extremely detailed. Curated premium fabric swatch library in controlled brand palette, close textile detail, sourcing table aesthetic."
public/assets/development/trims.webp,development,landscape,Trims,3840x2160,"Premium editorial industrial apparel photography for AHM International, an international apparel manufacturing and export company in Karachi, Pakistan. Authentic modern garment-production environment, realistic Pakistani workers where people appear, sophisticated natural lighting, subtle cinematic contrast, highly detailed fabric texture, realistic industrial equipment, premium commercial campaign photography, contemporary global sourcing-company aesthetic, no futuristic machinery, no text, no logos, no distorted anatomy, no staged corporate handshakes, no stock-photo look, consistent color grade across the full website asset library, photorealistic, extremely detailed. Buttons, zippers, labels, tapes, drawcords and hardware arranged as a premium sourcing board, no logos."
public/assets/development/sample-development.webp,development,landscape,Sample development,3840x2160,"Premium editorial industrial apparel photography for AHM International, an international apparel manufacturing and export company in Karachi, Pakistan. Authentic modern garment-production environment, realistic Pakistani workers where people appear, sophisticated natural lighting, subtle cinematic contrast, highly detailed fabric texture, realistic industrial equipment, premium commercial campaign photography, contemporary global sourcing-company aesthetic, no futuristic machinery, no text, no logos, no distorted anatomy, no staged corporate handshakes, no stock-photo look, consistent color grade across the full website asset library, photorealistic, extremely detailed. Sample room with mannequin and in-progress uniform garment, pattern and measurement tools, product developer making adjustments."
public/assets/development/measurement.webp,development,landscape,Measurement,3840x2160,"Premium editorial industrial apparel photography for AHM International, an international apparel manufacturing and export company in Karachi, Pakistan. Authentic modern garment-production environment, realistic Pakistani workers where people appear, sophisticated natural lighting, subtle cinematic contrast, highly detailed fabric texture, realistic industrial equipment, premium commercial campaign photography, contemporary global sourcing-company aesthetic, no futuristic machinery, no text, no logos, no distorted anatomy, no staged corporate handshakes, no stock-photo look, consistent color grade across the full website asset library, photorealistic, extremely detailed. Garment laid flat while technician checks measurements using tape and spec sheet, precise QA/development mood."
public/assets/fabrics/polycotton-twill.webp,fabrics,square,Polycotton twill,3000x3000,"Premium editorial industrial apparel photography for AHM International, an international apparel manufacturing and export company in Karachi, Pakistan. Authentic modern garment-production environment, realistic Pakistani workers where people appear, sophisticated natural lighting, subtle cinematic contrast, highly detailed fabric texture, realistic industrial equipment, premium commercial campaign photography, contemporary global sourcing-company aesthetic, no futuristic machinery, no text, no logos, no distorted anatomy, no staged corporate handshakes, no stock-photo look, consistent color grade across the full website asset library, photorealistic, extremely detailed. Macro beige poly-cotton twill showing diagonal weave, soft premium side-light."
public/assets/fabrics/cotton-pique.webp,fabrics,square,Cotton pique,3000x3000,"Premium editorial industrial apparel photography for AHM International, an international apparel manufacturing and export company in Karachi, Pakistan. Authentic modern garment-production environment, realistic Pakistani workers where people appear, sophisticated natural lighting, subtle cinematic contrast, highly detailed fabric texture, realistic industrial equipment, premium commercial campaign photography, contemporary global sourcing-company aesthetic, no futuristic machinery, no text, no logos, no distorted anatomy, no staged corporate handshakes, no stock-photo look, consistent color grade across the full website asset library, photorealistic, extremely detailed. Macro cobalt/navy cotton pique knit, highly detailed loops and texture."
public/assets/fabrics/polyester-performance.webp,fabrics,square,Performance polyester,3000x3000,"Premium editorial industrial apparel photography for AHM International, an international apparel manufacturing and export company in Karachi, Pakistan. Authentic modern garment-production environment, realistic Pakistani workers where people appear, sophisticated natural lighting, subtle cinematic contrast, highly detailed fabric texture, realistic industrial equipment, premium commercial campaign photography, contemporary global sourcing-company aesthetic, no futuristic machinery, no text, no logos, no distorted anatomy, no staged corporate handshakes, no stock-photo look, consistent color grade across the full website asset library, photorealistic, extremely detailed. Macro dark performance polyester knit with breathable microstructure and subtle technical sheen."
public/assets/fabrics/fleece.webp,fabrics,square,Fleece,3000x3000,"Premium editorial industrial apparel photography for AHM International, an international apparel manufacturing and export company in Karachi, Pakistan. Authentic modern garment-production environment, realistic Pakistani workers where people appear, sophisticated natural lighting, subtle cinematic contrast, highly detailed fabric texture, realistic industrial equipment, premium commercial campaign photography, contemporary global sourcing-company aesthetic, no futuristic machinery, no text, no logos, no distorted anatomy, no staged corporate handshakes, no stock-photo look, consistent color grade across the full website asset library, photorealistic, extremely detailed. Macro black fleece pile, dense soft texture, anti-pill visual quality."
public/assets/fabrics/woven.webp,fabrics,square,Woven,3000x3000,"Premium editorial industrial apparel photography for AHM International, an international apparel manufacturing and export company in Karachi, Pakistan. Authentic modern garment-production environment, realistic Pakistani workers where people appear, sophisticated natural lighting, subtle cinematic contrast, highly detailed fabric texture, realistic industrial equipment, premium commercial campaign photography, contemporary global sourcing-company aesthetic, no futuristic machinery, no text, no logos, no distorted anatomy, no staged corporate handshakes, no stock-photo look, consistent color grade across the full website asset library, photorealistic, extremely detailed. Macro dark woven shirting/workwear fabric showing refined yarn structure."
public/assets/fabrics/softshell.webp,fabrics,square,Softshell,3000x3000,"Premium editorial industrial apparel photography for AHM International, an international apparel manufacturing and export company in Karachi, Pakistan. Authentic modern garment-production environment, realistic Pakistani workers where people appear, sophisticated natural lighting, subtle cinematic contrast, highly detailed fabric texture, realistic industrial equipment, premium commercial campaign photography, contemporary global sourcing-company aesthetic, no futuristic machinery, no text, no logos, no distorted anatomy, no staged corporate handshakes, no stock-photo look, consistent color grade across the full website asset library, photorealistic, extremely detailed. Macro charcoal softshell textile with water droplets and subtle stretch surface."
public/assets/export/cartons.webp,export,landscape,Export cartons,3840x2160,"Premium editorial industrial apparel photography for AHM International, an international apparel manufacturing and export company in Karachi, Pakistan. Authentic modern garment-production environment, realistic Pakistani workers where people appear, sophisticated natural lighting, subtle cinematic contrast, highly detailed fabric texture, realistic industrial equipment, premium commercial campaign photography, contemporary global sourcing-company aesthetic, no futuristic machinery, no text, no logos, no distorted anatomy, no staged corporate handshakes, no stock-photo look, consistent color grade across the full website asset library, photorealistic, extremely detailed. Neatly palletized apparel export cartons in clean warehouse, generic AHM-style neutral carton marking only if supplied later."
public/assets/export/carton-marking.webp,export,landscape,Carton marking,3840x2160,"Premium editorial industrial apparel photography for AHM International, an international apparel manufacturing and export company in Karachi, Pakistan. Authentic modern garment-production environment, realistic Pakistani workers where people appear, sophisticated natural lighting, subtle cinematic contrast, highly detailed fabric texture, realistic industrial equipment, premium commercial campaign photography, contemporary global sourcing-company aesthetic, no futuristic machinery, no text, no logos, no distorted anatomy, no staged corporate handshakes, no stock-photo look, consistent color grade across the full website asset library, photorealistic, extremely detailed. Close-up of professional garment export carton labels and markings, all buyer/customer data fictional or blank."
public/assets/export/warehouse.webp,export,landscape,Warehouse,3840x2160,"Premium editorial industrial apparel photography for AHM International, an international apparel manufacturing and export company in Karachi, Pakistan. Authentic modern garment-production environment, realistic Pakistani workers where people appear, sophisticated natural lighting, subtle cinematic contrast, highly detailed fabric texture, realistic industrial equipment, premium commercial campaign photography, contemporary global sourcing-company aesthetic, no futuristic machinery, no text, no logos, no distorted anatomy, no staged corporate handshakes, no stock-photo look, consistent color grade across the full website asset library, photorealistic, extremely detailed. Modern organized apparel export warehouse with racks/pallets and packed cartons, documentary commercial image."
public/assets/export/container-loading.webp,export,landscape,Container loading,3840x2160,"Premium editorial industrial apparel photography for AHM International, an international apparel manufacturing and export company in Karachi, Pakistan. Authentic modern garment-production environment, realistic Pakistani workers where people appear, sophisticated natural lighting, subtle cinematic contrast, highly detailed fabric texture, realistic industrial equipment, premium commercial campaign photography, contemporary global sourcing-company aesthetic, no futuristic machinery, no text, no logos, no distorted anatomy, no staged corporate handshakes, no stock-photo look, consistent color grade across the full website asset library, photorealistic, extremely detailed. Shipping container loading apparel cartons at export facility/warehouse, clean logistics process, no brand logos."
public/assets/case-studies/uniform-apron-program/hero.webp,case-study,landscape,Apron case hero,3840x2160,"Premium editorial industrial apparel photography for AHM International, an international apparel manufacturing and export company in Karachi, Pakistan. Authentic modern garment-production environment, realistic Pakistani workers where people appear, sophisticated natural lighting, subtle cinematic contrast, highly detailed fabric texture, realistic industrial equipment, premium commercial campaign photography, contemporary global sourcing-company aesthetic, no futuristic machinery, no text, no logos, no distorted anatomy, no staged corporate handshakes, no stock-photo look, consistent color grade across the full website asset library, photorealistic, extremely detailed. Anonymized U.S.-style uniform program case study: black bib apron in professional food-service environment, no customer branding."
public/assets/case-studies/uniform-apron-program/product.webp,case-study,square,Apron case product,3000x3000,"Premium editorial industrial apparel photography for AHM International, an international apparel manufacturing and export company in Karachi, Pakistan. Authentic modern garment-production environment, realistic Pakistani workers where people appear, sophisticated natural lighting, subtle cinematic contrast, highly detailed fabric texture, realistic industrial equipment, premium commercial campaign photography, contemporary global sourcing-company aesthetic, no futuristic machinery, no text, no logos, no distorted anatomy, no staged corporate handshakes, no stock-photo look, consistent color grade across the full website asset library, photorealistic, extremely detailed. Technical front product shot of black bib apron used for anonymized uniform-program case study."
public/assets/case-studies/uniform-apron-program/fabric.webp,case-study,square,Apron case fabric,3000x3000,"Premium editorial industrial apparel photography for AHM International, an international apparel manufacturing and export company in Karachi, Pakistan. Authentic modern garment-production environment, realistic Pakistani workers where people appear, sophisticated natural lighting, subtle cinematic contrast, highly detailed fabric texture, realistic industrial equipment, premium commercial campaign photography, contemporary global sourcing-company aesthetic, no futuristic machinery, no text, no logos, no distorted anatomy, no staged corporate handshakes, no stock-photo look, consistent color grade across the full website asset library, photorealistic, extremely detailed. Macro 65/35 polyester-cotton twill visual, clean technical textile photography, no claim text embedded."
public/assets/case-studies/uniform-apron-program/detail.webp,case-study,square,Apron case detail,3000x3000,"Premium editorial industrial apparel photography for AHM International, an international apparel manufacturing and export company in Karachi, Pakistan. Authentic modern garment-production environment, realistic Pakistani workers where people appear, sophisticated natural lighting, subtle cinematic contrast, highly detailed fabric texture, realistic industrial equipment, premium commercial campaign photography, contemporary global sourcing-company aesthetic, no futuristic machinery, no text, no logos, no distorted anatomy, no staged corporate handshakes, no stock-photo look, consistent color grade across the full website asset library, photorealistic, extremely detailed. Close-up of apron pocket, bar tack, stitching, strap hardware and construction detail."
