filename,type
army_navy_khaki_pleated_trousers.png,png
authentic_army_navy_white_hoodie.png,png
beige_chinos_with_breathe_tag.png,png
black_henley_shirt_with_vegment_logo.png,png
black_hooded_sleeveless_top_with_graphic_label.png,png
black_polo_shirt_with_gold_aquarium_logo.png,png
black_polo_shirt_with_gold_embroidery.png,png
black_polo_with_gold_vegmen_logo.png,png
black_signature_collection_fairway_polo.png,png
blue_polo_shirt_with_red_embroidery.png,png
bright_orange_buttoned_waistcoat.png,png
camel_scarf_with_fringed_ends.png,png
carmax_signature_navy_polo.png,png
charcoal_herringbone_scarf_on_white.png,png
charcoal_utility_bomber_jacket.png,png
cream_navy_grid_lounge_pants.png,png
cream_weekender_polo_with_navy_tag.png,png
dark_green_ribbed_polo_shirt.png,png
forest_green_henley_shirt_flat_lay.png,png
gray_armani_exchange_t_shirt_flat_lay.png,png
grey_tapout_graphic_zip_up_hoodie.png,png
hardcore_classic_1973_heather_gray_t_shirt.png,png
hardcore_classic_gray_t_shirt_flat_lay.png,png
heather_gray_tapout_graphic_hoodie.png,png
indigo_denim_county_market_shirt.png,png
light_gray_hardcore_logo_joggers.png,png
light_gray_sparkle_trimmed_zip_hoodie.png,png
maroon_gardenia_premium_polo_shirt.png,png
maroon_plaid_scarf_with_fringed_tassels.png,png
midnight_navy_fringed_scarf.png,png
minimal_black_hoodie_product_mockup.png,png
nautica_white_polo_shirt_flat_lay.png,png
navy_blue_full_zip_hoodie_product_photo.png,png
navy_blue_hoodie_flat_lay.png,png
navy_blue_pullover_hoodie_on_white.png,png
navy_blue_scarf_in_looped_arrangement.png,png
navy_blue_waffle_henley_shirt.png,png
navy_denim_utility_jacket_flat_lay.png,png
navy_food_city_polo_shirt.png,png
navy_henley_shirt_flat_lay.png,png
navy_henley_t_shirt_product_shot.png,png
navy_polo_shirt_dress_product_photo.png,png
navy_polo_shirt_with_embroidered_logos.png,png
navy_polo_with_striped_trim_and_tag.png,png
neon_lime_signature_polo_shirt.png,png
olive_plaid_fringed_scarf.png,png
orange_halloween_expert_vest.png,png
pale_yellow_polo_shirt_flat_lay.png,png
pastel_pink_virginia_tech_hoodie_flat_lay.png,png
pink_arizona_navy_t_shirt_flat_lay.png,png
red_and_black_d_agostino_polo_shirt.png,png
red_hannaford_polo_shirt_product_shot.png,png
red_signature_collection_polo_flat_lay.png,png
red_striped_v_neck_sweater_flat_lay.png,png
sage_waffle_knit_thermal_shirt.png,png
sage_waffle_knit_thermal_shirt_mockup.png,png
sky_blue_army_navy_t_shirt.png,png
taupe_long_sleeve_polo_flat_lay.png,png
white_army_navy_sleeveless_hoodie_mockup.png,png
white_baby_onesie_with_green_sleep_graphics.png,png
white_baby_onesie_with_green_spanish_text.png,png
white_nautica_polo_shirt_product_photo.png,png
white_polo_shirt_with_green_chevron_trim.png,png
white_vegment_henley_shirt_flat_lay.png,png
white_vegmenu_embroidered_polo_shirt.png,png
woodland_camo_elastic_cuff_pants.png,png
